content,score,at
iyi,5,2025-07-09 15:05:26
benim tarzım dışında öneri istemiyorum,4,2025-07-09 15:05:23
"great,super",5,2025-07-09 15:03:52
çok güzel bir uygulama bence,5,2025-07-09 13:05:49
cok guzel bir uygulama daha da gelistirimeli,5,2025-07-09 12:04:27
en son dinlenenler sekmesi ekler misiniz,4,2025-07-09 10:01:05
çok ama çok memnunuz ıstwdıgım her şey var,5,2025-07-09 06:16:48
Sevmiyorum...................... Sevemedim..............................,1,2025-07-08 23:57:42
daha önce tesbit etseydim dedim çok olsu,5,2025-07-08 19:26:48
Telefon ile senkronize çalışmıyor. Spotify'da telefonda şarkı açtığımızda saat uygulamasndan müziği yönetebiliyoruz ama YouTube Müzikte saat ve telefon uygulaması bağımsız çalışıyor.,1,2025-07-08 17:57:32
youtubeda dinlesem bişey fark etmez.uygulamadan çıkınca müzik çalmıyor.bu özellik çoğu uygulamada bedava iken youtubeda paralı.,3,2025-07-08 17:50:43
parayı veren düdüğü çalıyo işte,5,2025-07-08 16:35:06
ilk günden beri satın alıp kullanıyorum ama çocuk kilidimi açıldı ne oldu eşimde çıkan şarkılar bende çıkmıyor alizade sefı gibi isimlerin şarkıları kısıtlanmış,5,2025-07-08 16:23:05
cihazda ki dosyalar para ödememe rağmen aşırı geç açılıyor ya da açılmıyor donuyor uygulama,1,2025-07-08 16:05:55
süper ötesi bir uygulama ✋,5,2025-07-08 15:13:27
Spotify tarzinda olsa spotyden daha iyi bir uygulama remixler ve videoları indirebiliyoruz ama arkadaşlar ve takipçiler herkese açık profil olsa çok güzel olurdu,5,2025-07-08 14:10:52
uygulama güzel ben beğendim öneririm bu uygulama 100)68 ben beyendim yinede,4,2025-07-08 13:39:18
çok iyi ses kalitesi alabiliyorum,5,2025-07-08 11:33:47
YouTube hepsine yeter çünkü en önce YouTube vardı,5,2025-07-08 10:59:19
Mükemmel,5,2025-07-08 10:00:00
Spotify'a bin basar,5,2025-07-08 09:38:40
para vermeye pişman olmadığım tek uygulama,5,2025-07-08 07:32:43
"Spotify'dan Çok daha kaliteli ve iyi.Şarkıları ileri geri alabiliyorsun ama Spotify'da yapamıyorsun.Ama,Spotify ve Yt Music'i kıyaslarsak kesinlikle ama kesinlikle Yt Music çook daha iyi.🫶🏻",5,2025-07-08 06:57:45
Muhteşem tek kelimeyle. böyle bir hizmet bedava bu devirde.,5,2025-07-07 23:47:02
istediğim her tür müzik çeşidini rahatlıkla bulabiliyorum tşkler,5,2025-07-07 23:03:02
çok memnunum tam bır müzik ziyareti yaşıyorum.,5,2025-07-07 21:55:08
süper,5,2025-07-07 21:04:30
🥰🥰🥰,5,2025-07-07 19:26:23
"Spotify ile benzer bir uygulama, gerçekten çok güzel ve kullanımı kolay.",5,2025-07-07 15:31:02
Bu uygulamaları telefonumda görmek istemiyorum birde gömülü geliyor silemiyorsun da.,1,2025-07-07 15:23:58
çok güzel müzik dinlemeyi zaten severim bu uygulamayla daha keyifli,5,2025-07-07 14:09:29
Çok kötü,1,2025-07-07 14:09:09
çık iyiiii,5,2025-07-07 11:38:11
sorun yaşamadım hiç mükemmel,5,2025-07-07 11:35:02
Spotify'dan iyi,5,2025-07-07 11:11:14
çok memnunum,5,2025-07-07 10:23:23
Gayet güzel çok memnunum istediğim bütün müzikleri kesintisiz dinliyorum iyiki varsınız teşekkür ederim iyi çalışmalar dilerim,5,2025-07-07 10:15:06
super,5,2025-07-07 07:42:28
güzel,4,2025-07-07 04:49:30
İndirdiğin müziği dinlemek için para istiyor üstüne premiumu versen bile indirdiğin müziği dinleyemiyorsun maalesef çok eksiği var,1,2025-07-07 04:40:33
Diğer müzik uygulamalardan daha iyi ve daha büyük bi müzik kütüphanesine sahip klipleri ister izleyip ister izlememek bizim elimizde bu da güzel ama liste yaptıktan sonra galerimizden fotoğraf veya video koyabilsek daha güzel olur. En iyi müzik uygulamalarından biri kullanmalısınız Düzenleme 1; Önerimi dikkate aldığınız için sizden teşekkür ederim hatta daha fazla özellik eklemişler bayaa İyiii olmuş elinize sağlık iyi çalışmalar edit2:kitaplıkta sanatçı veya listeleri sabitleme olayı gelsin pls,5,2025-07-07 00:48:44
iyi,5,2025-07-06 23:27:26
spotfy dan daha iyi aq👍🏻,5,2025-07-06 22:57:56
Daha iyisi yok,5,2025-07-06 21:24:55
inanılmaz çok güzel,5,2025-07-06 19:50:28
çok memnunum hiç bir sıkıntı yaşamadım ve yaşamıyorum biraz müzik bulma konusunda geliştirilebilir..,5,2025-07-06 19:07:44
cokk iyi,5,2025-07-06 18:38:33
güzel,5,2025-07-06 16:04:50
en güzel müzik uygulaması bütün dinlediklerimi burdan dinliyorum çok mükemmel 🥰🥰🥰🥰🥰🥰😘😘😘😘😘😘😍😍😍😍😍🤩🤩🤩🥳🥳🥳🥳🥳🎧🎧🎧.,5,2025-07-06 15:56:19
para ödema iptal etmek,1,2025-07-06 15:45:47
müzik dinlediğim sırada ekranı kapatıyorum uygulamadan atıyor sebeb?,1,2025-07-06 13:49:12
"arayüzünü seviyorum, spotify'dan daha iyi ayrıca spoti'de olmayan müziklerin olması çok iyi",5,2025-07-06 12:15:53
her programla uyumlu tek müzik programı,5,2025-07-06 10:25:54
mükemmel bir uygulama,5,2025-07-06 09:43:54
en sevdiğim müzik uygulaması,5,2025-07-06 09:09:37
kendi kendine uygulama kapanıyor,3,2025-07-06 02:25:56
Gerçekten mükemmel.,5,2025-07-05 22:45:26
başarılı,5,2025-07-05 21:47:55
mükemmel,5,2025-07-05 21:28:23
başarılı,5,2025-07-05 20:01:40
Allah Razı Olsun size,5,2025-07-05 19:10:25
cokkkk kötü 🔻🤡,1,2025-07-05 18:35:35
abi tek kelimeyle mukemmel yani he bide benim premiumum var ondan bana oyle geliyo da olabilir😋,5,2025-07-05 18:26:46
guzel.,5,2025-07-05 17:57:39
Çok iyi bir uygulama çok kolay öğreniliyor ve herkese kesinlikle tavsiye ederim.😝😅😚😇,5,2025-07-05 17:21:40
bir kere internetsiz ortamda müzik dinlemek çok keyifli,5,2025-07-05 16:43:44
oldukça kullanışlı🥰,4,2025-07-05 16:07:59
automix özelliği gelse çok iyi olur apple music deki gibi zaten müzik kataloğu çok iyi efsane olur,5,2025-07-05 15:30:59
YouTube music dinlediğim her sarkida her 15 saniyede bir duruyor buda beni cok rahatsiz ediyor sebebi ne olabilir,2,2025-07-05 12:20:32
Uzun yol dostu. son derece başarılı Long road friendly. extremely successful,5,2025-07-05 09:53:33
muhteşem,5,2025-07-05 09:36:23
👍👍👍👍,5,2025-07-05 08:23:29
kesintisiz müzik ziyafeti harika,5,2025-07-05 07:41:01
gayet güzel bir uygulama herkese tavsiye ediyorum ben çok memnunum,5,2025-07-05 06:43:10
Spotify'dan sonra kullandığım en iyi müzik dinleme uygulaması bu müzik dinleme uygulamalarını seviyorsanız bu uygulamayı tavsiye ederim.,5,2025-07-04 23:34:22
çok iyi,5,2025-07-04 22:20:00
"istediğim bütün müzikleri kolaylıkla buluyorum, dilediğim listeleri yapıyorum, çok memnunum👏",5,2025-07-04 21:06:28
tek kelime ile MÜKEMMEL 💫✨,5,2025-07-04 20:54:45
5 yildiz fakat daha cok gelişmesi gerek,5,2025-07-04 20:17:56
muazzam.,5,2025-07-04 19:24:12
👍harika,5,2025-07-04 19:07:00
Teşekkürler çok güzel saate çalışıyor sorunsuz,4,2025-07-04 18:15:55
Süper,5,2025-07-04 15:03:34
iyiy,5,2025-07-04 14:46:12
baba valla iyi uygulama,5,2025-07-04 14:09:07
super,5,2025-07-04 13:58:46
iyi çok güzel,5,2025-07-04 11:28:59
ses kalitesi ve aradığın müziği bulma süresi mükemmel tesekkürler you tube,5,2025-07-04 11:03:44
mükemmel👍👏😆,5,2025-07-04 11:01:42
keşfettiğimden beri müzik dünyam zenginleşti tek bi sorunu var listeyi düzenliyorum kapatıp açınca liste eski haline dönüyor bu düzeltilmeli.,5,2025-07-04 09:39:03
çok güzel.Tavsiye ederim..,5,2025-07-04 07:16:52
arka pilanda müzik çalıyordu şimdi çalmıyor siliyorum uygulama para istiyor,1,2025-07-04 01:57:24
Amacı neyse en iyi şekilde hizmet eden bir uygulama.,5,2025-07-04 00:21:17
spotifydan çok daha iyi kesinlikle,5,2025-07-03 23:39:40
uygulama çok güzel beğendim bu uygulamayı yapan kişi kral dır,5,2025-07-03 22:56:57
harika.kamera ile çekim yaparken çalsa super olur,5,2025-07-03 22:24:21
çok iyi,5,2025-07-03 21:54:05
istediğim gibi güzel uygulama,5,2025-07-03 20:19:00
youtube üzerinden özelliğini bir videoyu tekrar ve tekrar izlemeni sağlıyor bot hesaplar almış başını gitmiş yt hesabım bilmediğim hint kanallarına abone oluyor yt music uygulaması bile çok kötü bir müzik klibine dislike attığın halde aynı müzikleri tekrsr ve tekrar sana gösteriyor ve premium aldığım halde hala reklam izlemeye devam ediyorum,1,2025-07-03 19:18:14
Önerilenler kısmı çok vasat yeni bir şey çıkarıyor daha önce dinlemediğim tarzda şeyler falan anlamsız,4,2025-07-03 18:35:08
harika,5,2025-07-03 14:56:12
uygulama genellikle iyi basit ve sade tasarımı olması güzel eksik yönlerini söyleyecek olursam sanatçı engelleme özelliğinin olmaması olsaydı daha iyi olurdu.,4,2025-07-03 14:20:07
hifi müzikleri seçme ayarları eklensin,5,2025-07-03 14:09:36
güzel,5,2025-07-03 13:33:37
arayüz çok yetersiz ve yüzeysel bence en azından şarkıları alfabetik sıralamak olmalı,4,2025-07-03 13:23:49
Müzik adına aradığım her şey var.,5,2025-07-03 13:18:45
süper tek kelimeyle,5,2025-07-03 12:07:14
Ben tablet yeni aldım her şey oynayabiliyorum ama yani şimdi bunu nasıl açacağız hesap mı gireceğiz sadece bir tane video var,4,2025-07-03 10:59:19
çok iyi bir uygulama her kez e tavsiye ederim,5,2025-07-03 09:13:07
Genel olarak güzel,4,2025-07-03 09:11:30
bence gayet iyi,5,2025-07-03 08:21:33
başarılı,5,2025-07-03 08:04:30
indirme islemi hizli olsa iyi olurdu,5,2025-07-03 07:56:34
harikasınız iyisi varsınız,5,2025-07-03 07:42:31
çok iyi hemen hemen her gün kullanıyorum muhteşem bir uygulama,5,2025-07-03 07:22:13
❤👍,5,2025-07-03 01:15:27
Süper.,5,2025-07-03 01:01:36
Iyidir,5,2025-07-02 23:30:36
güzel ama apple music ve spotifyın sahip olduğu gibi güzel ve daha iyi dizayn edilmiş bir desktop app olsa daha iyi olur,5,2025-07-02 22:56:41
iyi,5,2025-07-02 22:25:07
çok kolay,5,2025-07-02 22:05:51
parasını hak ediyor.,5,2025-07-02 21:14:15
biraz daha geliştirilebilir artı olarak. şu halde bile çok memnunum,4,2025-07-02 20:26:06
Bayilirak kullaniyorum,5,2025-07-02 19:25:04
daha farkli tarzlar da cikarmasi gerekiyor,4,2025-07-02 18:56:24
Awesome app.,5,2025-07-02 17:53:45
çok güzel istediğim gibi,5,2025-07-02 17:06:15
Tavsiye ederim bütün müzikler mevcut,5,2025-07-02 16:30:44
süper,5,2025-07-02 15:18:36
daha fazla geliştirilebilir,5,2025-07-02 15:12:04
"""Please add a feature to group downloaded albums by their respective bands."" do you read these Google?",5,2025-07-02 14:42:57
Giderek gelişiyor arada kliplerede bakmak istediğim için YouTube Music uygulamasını tercih ediyorum zaten özet yapıyordu şarkı sözü paylaşma özelliğide geldi ben memnunum,5,2025-07-02 14:16:37
On Numara teşekkürler,5,2025-07-02 13:53:40
daha güzel bir uygulama görmedim premium aldığın anda iki uygulamaya da yansıyor çok memnunuz ailecek,5,2025-07-02 12:09:33
Mükemmel .Aradığınız her şarkıyı çok rahat bulabilirsiniz,5,2025-07-02 11:47:32
Güzel,5,2025-07-02 11:10:09
Berbat müzik önerileri.,1,2025-07-02 01:57:36
çok iyi.,5,2025-07-02 01:04:00
abonelikten çıkıp spotify'a geçiyorum çünkü indirdiğim bütün müzikler gitti ve ben bunu her sene yaşıyorum.. sürekli donmaya ve uygulamadan atmaya başladı. indirme 1500 şarkıyı geçince hep aynı şey oluyor,1,2025-07-02 00:35:52
super bence bide youtube premıum alınca otomatık muzık de ucretsız oluyo ben cok sevıyom bazen ara yuzde ve sarkılarda donma oluyo ama o cok da onemlı degil sevıypruö yanı cnm 💛🩷🩷❤️🩵🩵🩷💛🩶💜💗💚💖💖💖,5,2025-07-02 00:02:29
yani Spotify dan daha iyi yanı sen den san sace şarkı acmiyormusn bide sözlerini söleyebilirsiniz ama benim tercem Spotify dan daha iyi diyebilirim.,5,2025-07-01 23:53:57
tek kelime ile harika,5,2025-07-01 22:52:34
güzel ama hep aynı şeyler karşıma çıkıyo. genel olarak memnunum.,4,2025-07-01 22:24:56
çok güzelll ama İnternet olmasaaa😻,5,2025-07-01 22:08:56
En sevdiğim uygulama,5,2025-07-01 21:41:39
Önerdiği şarkılar tam anlamıyla rezalet ama spotify'ın aksine istediğim kadar şarkı geçme hakkı sunuyor olması çok güzel bir şey. Arkaplanda çalışmak bir müzik uygulamasında olması gereken en temel şeylerden biri ve bu uygulama buna sahip değil ama benim telefonumda kayan pencereler özelliği olduğu için sağ üst köşede açık tutup istediğim şeyi yapabiliyorum. Spotify'dan daha iyi ama yine de çok iyi değil,5,2025-07-01 20:36:47
super,5,2025-07-01 20:22:36
Süper,5,2025-07-01 18:02:25
çok memnunum.,5,2025-07-01 17:08:13
Yaklaşık 1 yıldır kullanıyorum. Araçta vb. tüm beklentimi karşılıyor. Çok memnunum.,5,2025-07-01 16:04:44
bass gücü Spotify'a göre çok çok iyi. Spotify tamamen boşmuş onu farkettim.,5,2025-07-01 15:19:14
harika bir uygulama reklam yok arka planda çalıyor müthiş 10,5,2025-07-01 14:40:12
güzel,5,2025-07-01 14:31:15
çok güzel,5,2025-07-01 14:05:37
kullandığın en iyi uygulamalardan biri fakat tıpkı youtube gibi yt müziğede video indirme özelliği getirirseniz çok iyi olur,1,2025-07-01 13:05:50
"Kullanıma sunulduğundan beri çok güzel, rahat bi şekilde kullanıyorum. Çok keyifli, donanımlı, isteklerinize, tarzınıza göre bir liste hazırlıyor size. Öneri müzikleri yine size göre müzikler oluyor. Ben çok memnunum",5,2025-07-01 11:43:02
Güzel harika valla,5,2025-07-01 01:28:23
Evet gelelim asıl meseleye.Ben keyfine düşkün olduğum için kendime uygun olan şarkıları seçerim bu yüzden bu uygulamaya bayıldım.Şunlar olmasa daha da güzel olurdu diyeceğim meseleler 1.Kural; Reklam olmasın ben açıkçası reklam izliyorum bu yüzden bundan rahatsızım. 2.Kural;Benimde tabletim 9 yıllık bi tablet olduğu için güncellenmiyor ve bu durum benim canımı sıkıyor.3.Kural;Ben belki bunu yüzlerde söylemişimdir ben güncelleyemiyorum ve güncelleme butonu yok ve tableti tamir ettirdik ve2tl aldı,5,2025-06-30 22:46:07
teşekkürler varlığınız dâim olsun,5,2025-06-30 22:00:42
"Listemdeki şarkılar kendi kendine kayboluyor, yeniden eklemek istediğimde bu şarkı listenizde zaten var diyor ama şarkıyı göremiyorum. Yine de ekle diyorum ona rağmen listede çıkmıyor. Bir süre sonra kendi kendine geri geliyor sonra yine kayboluyor. Listemde 220 şarkı görünüyor mesela ama saydığımda 15 tanesi eksik.",1,2025-06-30 21:38:08
bütün şarkılar var,5,2025-06-30 19:41:05
çok memnunum teşekkürler,5,2025-06-30 17:30:34
iyi,5,2025-06-30 16:44:23
bence çok güzel bir uygulama reklam bile çıkmıyor kullanmanızı tavsiye ederim,5,2025-06-30 15:49:52
mük.,5,2025-06-30 15:43:08
Spotify dan 100 kat daha iyi,5,2025-06-30 15:31:35
Çok güzel,5,2025-06-30 13:23:51
süper,5,2025-06-30 13:20:51
"The Music app keeps freezing. I used to think it was because of my phone, even though no other apps had issues. But after changing my phone, I realized the problem is entirely with the app. I was one of the last 3-4 people still resisting Spotify, but I guess I’ll have to switch once my subscription ends. Edit: I'm back 😃 I didn't like how the other app's algorithm works, its discovery and recommendations. YouTube Music also seems to have fixed the freezing issue. I'm impressed.",5,2025-06-30 13:19:54
uygulama güzel ama bazı sorunlar var örneğin playlistteki şarklıarın yerlerini değiştiremememiz gibi en hızlı şekilde düzeltilmesini rica ediyorum,5,2025-06-30 11:50:54
sesi daha fazla çıkartıyo gerçekten bana göre güzel tam 5 ⭐ lık,5,2025-06-30 10:33:16
Aynı YouTube benzeri gibi müzikler harika şimdi sizde deneyin,5,2025-06-30 09:01:12
"Aradığım tüm şarkıları bulabiliyorum, keşfetten önerdiği şarkılar gayet başarılı,uygulamanın kullanımı çok kolay. Teşekkür vede tavsiye ederim 🙏🏻",5,2025-06-30 08:26:11
internitsiz olsa dâha iyi olur,4,2025-06-30 03:28:38
gerçekten çok güzel bir uygulama şarkı listeleride dinlediğimiz türe göre değişiyor aynı türde aynı tonlarda şarkılar cikiyor bide reklamsız olması mukemel,5,2025-06-30 02:09:40
Müthiş,5,2025-06-29 23:32:24
çok başarılı bir uygulama.🔥🎉🎧🎸,5,2025-06-29 23:21:50
Bayağı iyi bir uygulama ses kalitesi filanda iyi sadece free planda arka planda şarkının oynatılmaması kötü olmuş ama yinede iyi zaten premium fiyatıda uygun ve premium planı kullanıyorum,5,2025-06-29 21:37:38
mujemmel,5,2025-06-29 21:12:25
Youtube Music bunu nasıl yapıyor bilmiyorum ama keşfeti sanki o an ruh halimi anlıyorda bilerek işte bu ya dediğim şarkılar çıkarıyor,5,2025-06-29 20:24:02
reklamsız müzik dinlemek harika üstelik ses kalitesi süper emeği geçen herkese teşekkür ederim keyifle istediğim gibi müzik dinliyorum saygılarımla,5,2025-06-29 20:18:35
spotifden daha iyi daha kolay daha az paragöz,5,2025-06-29 19:09:38
"Tek kelimeyle, on numara beş yıldız.",5,2025-06-29 18:55:50
😀,5,2025-06-29 16:47:51
"Kişiselleştirilmiş tarz, sanatçı, albüm önerileri geliştirilmeli",4,2025-06-29 14:46:22
çok iyi ses kaliteside harika,5,2025-06-29 14:21:00
"Premium olmasına rağmen her şarkıda bir donup kalıyor, tekrar açıp devam ettirmek gerekiyor!",1,2025-06-29 11:49:37
vazgeçilmezim harika,5,2025-06-29 11:33:30
spotify ı falan tekler ses kalitesi falan herşey çok güzel bide ben YouTube premium üyesiyim bununda yaninda hediye gelmesi çok güzel bir incelik.,5,2025-06-29 10:32:03
İstediğimiz gibi Herkese açık bir şekilde müzik yükleyemiyoruz ne anladım lan o zaman bu işten,1,2025-06-29 02:47:42
guzel istedim sarkilari ücretsiz ve hiç urasmadan açıp dinliyorum harika bir şey ⭐⭐⭐⭐⭐,5,2025-06-29 02:14:28
uygulama güzel tek eksik kendi ekolayzer i olmaması,5,2025-06-28 23:14:09
çok güzel ve akıcı premium hissi,5,2025-06-28 22:01:45
sevdiğim bütün şarkilari buluyorum,5,2025-06-28 21:30:46
bence çok iyi,5,2025-06-28 20:32:41
menun kaldım,5,2025-06-28 17:32:57
Harika,5,2025-06-28 17:24:34
👏,5,2025-06-28 17:20:00
sağlam,5,2025-06-28 17:14:29
uygulama çok iyi,4,2025-06-28 17:07:04
beğeniyorum,5,2025-06-28 16:38:29
mühteşem bir uygulama,5,2025-06-28 15:03:25
annemde kulaniyo çok seviyoruz reklam yok Her istediğimizi bulabilirsiniz müzik olarak şarkıcı olarak dansçı olarak çok güzel Her şey yüklemenizi tavsiye ederim,5,2025-06-28 13:43:50
uygulama tek kullandığım müzik uygulaması premium da aldım harika oldu ama LÜTFEN OLUŞTURDUĞUMUZ OYNATMA LİSTESİNİ ALFABETİK SIRALAMA GELSİN,5,2025-06-28 12:38:16
mamnun kaldım,5,2025-06-28 11:27:29
durduk yerde kapanıyor falan aşırı saçma,3,2025-06-28 10:27:18
bütün müzik uygulamalarından 10kat iyi,5,2025-06-28 10:24:29
merhaba ben çok memnunsuzum bazen müzikler takılıp kaliyor bende YouTube premium olsa bile öyle kalıyor bu guncellemede düzelmesini isityorum,2,2025-06-28 09:56:36
güzel,5,2025-06-28 08:10:58
Bilgisayarda beğendiğim şarkılar telefonumda görünmüyor fakat Bilgisayarda görünüyor saçma bir durum,4,2025-06-28 04:03:12
Yıllarca spotify kullandığım için özür dilerim YouTube Music..,5,2025-06-28 03:37:38
harikasınız,5,2025-06-28 02:52:48
spotify odeme yapacagina youtube ode daha iyi,5,2025-06-28 01:25:21
sürekli guncelleme yapmayın artık telefonun ekranını indirdikce müzik kesiliyor yeter artık ama,1,2025-06-28 00:48:08
mükemmel,5,2025-06-28 00:19:38
Aşırı iyii,5,2025-06-27 23:02:17
aradığım her müzik burada tebrikler yotube müzik,5,2025-06-27 22:42:22
çok memnun oldum,5,2025-06-27 22:34:57
iyi,5,2025-06-27 21:44:26
bütün musicler vardı,5,2025-06-27 21:12:36
çok çok çok güzel ama İnternetli ve reklamalı onun dışında mük 🤩🤩🤩🤩😘😘😘😘,5,2025-06-27 19:09:37
kendisini mal sanıyor ama benim telefonumda çok iyi bir uygulama,5,2025-06-27 18:53:06
neden equlizer ayarlayanamıyor? şarkıdan şarkıya yumuşak geçiş özelliği gelsin.,4,2025-06-27 14:58:33
muhteşem,5,2025-06-27 14:34:11
çok beğendimmm,5,2025-06-27 12:46:11
Harika bir liste hazırlama algoritması var.,5,2025-06-27 11:38:15
👌🏻👍🏻,5,2025-06-27 11:33:47
ben çok memnunum bu uygulamadan ancak internet olmadığında indirilen şarkıların içinden arama yapılsa çok süper olur,5,2025-06-27 11:33:30
iyi,4,2025-06-27 11:19:49
Güncelleme sonrası açılmıyor. IOS telefonda da aynı,1,2025-06-27 10:55:25
harika bir uygulama,5,2025-06-27 06:33:26
Sorunsuz . müzik dinlemek bu kadar zahmetsiz olamaz. Araç kullanırken seyahat ederken kısacası keyifli her dakika ulaşılabilir olması güzel.,5,2025-06-27 01:50:56
bu uygulama varken saçma sapan yeşil müzik uygulamaları ile paranızı çöpe atmayın.,5,2025-06-27 00:36:28
Çok iyi..,5,2025-06-26 19:42:35
istediğim müziği buluyorum reklam yok 10 numara,5,2025-06-26 17:35:24
Süper,5,2025-06-26 16:42:44
kulaklikla surekli muzikler duruyor,1,2025-06-26 16:05:01
premium kullanıyorum o yüzden memnunun fakat normal ücretsiz halı bir işe yaramaz,3,2025-06-26 16:04:09
STRAYKIDS EVERYWHERE ALL AROUND THE WORLD YOU MAKE STRAYKIDS STAY (beğen üste ciksinn),5,2025-06-26 15:40:20
MÜTHİŞLİ,5,2025-06-26 15:36:16
"Geçmişten gelen birikim ve tecrübe,harikasınız çok teşekkür ederiz, kolaylıklar dileriz.",5,2025-06-26 14:25:24
"Her parça en yüksek kalitede, video da var. ucuz da. yeni bir tekel davasını hak ediyor :)",5,2025-06-26 13:00:06
YouTube ben YouTube'u yapamadım çünkü ben bunu yükledim yapabilirdik,5,2025-06-26 12:39:06
bu aralar sürekli duruyor,1,2025-06-26 12:15:17
başarılı,5,2025-06-26 11:32:05
hâlâ spotify kullananlar mağara devrinde kalmışlar en iyisi yt musictir,5,2025-06-26 10:58:40
hem şarkı öğrenmiş oluyoruz yazılı olduğu için ama bazılarında da olursa sevinirim,3,2025-06-26 05:52:56
en güzel uygulamalardan bir tanesi,5,2025-06-26 01:28:19
Spotify gibi değil ücretsiz çok şey,5,2025-06-26 01:00:10
Şöyle diyim eğer youtube premium alırsanız yanında geliyor ve cidden bence müzik dinlemek için başka herhangi bir uygulamaya aylık abonelik vermeden kullanmak müthiş bir ayrıcalık tek sorunu var ve bence bu tek eksiği abi dinlediğiniz müzikleri size hep aynı şekilde gösteriyor yani size farklı bir şekilde dinlediğiniz müziklere bakarak farklı şeyler önermiyor hep aynı şeyleri karşınıza çıkartıyor sürekli yani farklı bir şey dinlemek istiyorsanız gidip onu kendiniz bulmanız gerek ve buciddenyorcu,5,2025-06-25 22:25:15
"Mükemmel,heleki istediğin şarkıyı veya listeyi indirip internete gerek kalmadan dinleyebiliyorsunuz.❤️",5,2025-06-25 16:49:23
mükemmel,5,2025-06-25 16:45:21
👍,5,2025-06-25 16:41:41
Güzel ve kullanışlı bir müzik programı,5,2025-06-25 15:13:56
Son zamanların trend şarkılarını dinlemek istiyorum benim dinlediklerimden bir liste oluşturuyor çözemedim.,5,2025-06-25 14:03:07
süper,5,2025-06-25 13:59:43
Spotify dan daha iyi 👍,5,2025-06-25 13:52:03
"gayet iyi sadece Spotify da daha çok çeşit var ama bu bir problem yaratmaz gayet iyi (4,5)",4,2025-06-25 13:04:34
Gayet iyi,4,2025-06-25 13:04:32
Kesinlikle çok güzel bir uygulama ve premium hali hem ucuz hemde çok kaliteli denemeli,5,2025-06-25 12:30:39
mükemmel,5,2025-06-25 12:27:42
Sarkilarin orjinallerini daha kolay bulabilmemiz lazim. Bu bence en buyuk problem.,5,2025-06-25 11:46:26
Hissettiğim aradığım özlediğim her şeyi bulmak o kadar güzel ki...Bana enerji ve yaşama sevinci veriyor♥️♥️♥️,5,2025-06-25 11:27:14
başarılı ama daha iyi olabilir,5,2025-06-25 09:52:37
Spotify yerine bunu kullanın daha iyi. Spotifyda burda olan müzikler yok,5,2025-06-25 08:49:33
Muhteşem,5,2025-06-25 07:14:25
"Arkadaşlar çok güzel bir uygulama. Konserler yada yeni şarkı çıktığı zaman haber veriyor. Shorts ta popüler olan şarkıları söylüyor ana ekranın da. Premium olursanız daha da güzel oluyor. Hem YouTube de premium oluyorsunuz, hem de YouTube müzikte. Bir taşla iki kuş gibi düşün. Hem diğer arkadaşlarınızda yaralanabiliyor birisinin ödemesiyle. Genel olarak spotify'a bin basarrr ve güzel bir uygulama ✌🏻✌🏻",5,2025-06-25 00:28:05
Mobil veriye geçince playlistin yarısı gidiyor indiriyorum 2gün sonra indirdiklerimde gidiyor,1,2025-06-24 23:36:45
Çok Memnunum,5,2025-06-24 22:22:12
süper müzik listesi o anki anımı duygularımı çıkarıyor,5,2025-06-24 21:53:45
Her şey çok güzel mesala favori şarkıları biriktirip benim görebileceğim yere koyuyor. Ama sadece bir şarkı denemek istediğimde o şarkı hemen favoriye ekleniyor bu benim hoşuma gitmiyor. Bunun dışında her şey güzel 💌❤️,5,2025-06-24 21:29:52
"Bir önceki yorumum üç sene önceydi ve Spotify'dan daha iyi olduğunu ve çok memnun kaldığımı yazmıştım. Fakat son zamanlarda sürekli uygulama hata veriyor. Donuyor, duruyor, düzgün çalışmıyor. Şarkılar sürekli kesiliyor ve sürekli uygulamaya girmek zorunda kalıyorum. Ayrıca her ay para ödüyorum bu uygulamaya. Parasını ödediğiniz bir hizmetin bu kadar sıkıntı çıkarması üzücü. Umarım düzeltilir. Sorun düzeltildiğinde yorumumu güncellerim. 24.06.2025",3,2025-06-24 20:01:27
aşırı iyi ve otomotik indirmesi var internetssiz kullandım yavsiye ederim harika bi şey,5,2025-06-24 19:00:02
Arada takılmalar yaşıyorum yoksa çok iyi,3,2025-06-24 18:36:10
seviyoruz,5,2025-06-24 18:19:42
Uygulama güzel birçok müzik dinleme imkanı var. Ama uygulama kapanınca müzik duruyor. Yani premium almaya zorluyor. Tek kötü yanı bu ama tavsiye ederim.,4,2025-06-24 14:37:07
Tamam,5,2025-06-24 13:06:13
sevdiğim sanatçılar ve benzerlerinden bana ait miks yapmaları çok hoş. unuttuğum eserleri tekrar hatırlatmaları beni maziye goturmelerini takdlir ediyor tüm ekibe teşekkür ederim.,4,2025-06-24 12:30:21
uygulama güzel premium almak spotifydan bence dhaa mantıklı hem yt premiumda oluyor bence tek sorun rastgele bir şarkı açıyorsunuz hızlı arama ve hızlı seçmelerde çıkıyor tek seferlik şarkı dinliyi ce olmamalı,5,2025-06-24 12:28:54
şarkılar güncel degil,3,2025-06-24 10:54:12
beğendim.,5,2025-06-24 06:58:46
çarpraz oynatma özelliği gelsin artık,5,2025-06-24 04:02:11
bu uygulama için reklam bile izlerim tek sorun arka planda çalışmaması,5,2025-06-23 22:39:31
istedimiz müziğin videolu halini dunleyelim lütfen boşunamı para ödüyoruz. birsürü uygulama var daha iyi yani bı düzenleme yapılsın,2,2025-06-23 21:42:37
sevmediğim sanatçıların engelle listesi gelsin,1,2025-06-23 21:20:08
böyle bir uygula yuklediginiz için teşekkür ederim,5,2025-06-23 19:10:34
"0. ben youtube premium üyesiyim. 1. kilit ekranında kullanılmıyor. 2. oynatma listesinde live search paneli yoktur. 3.shuffle yani 'karıştırarak"" oynat bastığında listeni karman çorman yapıyor sonra şarkıları bulamıyorsun. önceleri ""karıştır"" butonunu bastığında listeyi karıştırmıyordu, şarkı bitene yakın otomatik bir rastgele şarkı seçiyordu. 4.equalizer panelimyoktur. 5. her sefer oynadığı şarkıya geçdiyinde listeyi o şarkıya kaydırmıyor. listeyi aşağı yukarı arayıp duruyorsun oynayan şarkıyı",3,2025-06-23 18:46:29
çok güzel.fakat reklamsız olmaması hiç iyi değil.,5,2025-06-23 18:15:29
çok iyi,5,2025-06-23 17:26:22
çok iyi müzik zevkinize göre ayarlayabilio,5,2025-06-23 17:25:12
çok güzel spotify(yanlış yaza bilirim) daha da iyi çok nadiren reklam çıkıyor isteseniz youtubeye balıyo biliyosunuz sevdiğiniz şarkıları albüme yereştire biliyosunuz,5,2025-06-23 17:10:45
"yıllardır kullanıyorum, mükemmel.",5,2025-06-23 17:01:53
çok kötü yutube kanalım varbu olmasa vidyo paylasıl mıyor bu arada Yusuf hasan kahramana abone ollanla vidyo cekcem,1,2025-06-23 16:32:56
Harika çok memnunum.,5,2025-06-23 16:09:33
En beğendiğim tarafı dinlediğin şarkıya alternatifler önermesi,5,2025-06-23 16:00:34
23 haziran 2025 youtube music hata veriyor açılmıyor,5,2025-06-23 15:53:06
mükemmel ❤️❤️❤️❤️❤️❤️,5,2025-06-23 15:49:25
Teşekkür ler,5,2025-06-23 15:11:20
çok güzel her zaman seyredilen gereken site,5,2025-06-23 11:15:28
çok güzel bri uygulama,5,2025-06-23 10:55:38
efsane,5,2025-06-23 10:05:30
cok kötü şarkıları sürekli kesiliyor tekrar uygulamaya girip sarkiyi baslatmak zorunda kaliyorum,1,2025-06-23 07:58:01
Herşey icin teşekkür ediyorum.,5,2025-06-23 07:43:51
çok iyi,5,2025-06-23 01:48:01
mükkemmel bir uygulama,5,2025-06-23 01:32:19
Arama kısmına bir şey yazdığımda uygulama kendini kapatıyor.,1,2025-06-23 01:23:57
"Şarkıda video ya geçtiğimde gecikme oluyor şarkı ve klipleri senkronize etseniz güzel olur ve telefonumu tabletimde çalanları değiştirmek vs için kumanda olarak kullanmak istiyorum, indirdiklerimde arama yaptığımda çalışmıyor aradığım şarkıları listelere girerek bulmam gerekiyor bence yapabileceğiniz bir çok geliştirme var",4,2025-06-22 22:59:26
Super,5,2025-06-22 22:47:31
harika bir uygulama,5,2025-06-22 22:44:35
Süper,5,2025-06-22 22:33:18
gayet kullanışlı,5,2025-06-22 21:35:47
sıralı müziklerin dinlediğine uygun şekilde çıkması modu nukemmel,5,2025-06-22 21:20:41
iyi kullanılabilir,4,2025-06-22 21:02:44
Müzik kalitesini daha iyi yapsanız süper olur,3,2025-06-22 20:55:43
çok güzel. bir uygulama 1,5,2025-06-22 20:13:11
abonelik parasını sonuna kadar hak ediyorlar teşekkürler,5,2025-06-22 18:04:00
"Müzik dinlerken yanlışlıkla dislike'a bastığımızda klip veya müzik atlanıyor. Lütfen bunu değiştirin kötü olmuş, onun dışında harika",4,2025-06-22 17:57:02
güzel,5,2025-06-22 15:38:38
severek kullanıyorum. keşke müzik dinlerken ekolayzer ayarı yapabilsek.,5,2025-06-22 15:38:13
yıllık özetlerimiz olsa çok güzel olur. ayrıca aylık özetlerimize de istediğimiz zaman bakabileceğimiz şekilde bir sistem olursa efsane olur. mesela ayarlardan falan geçen aylık özetlerimize bakabilmek gibi.,5,2025-06-22 13:30:28
son bi aydır kullanım esnasında donma ve müzikten kopma yaşıyorum uygulamayı kullanırken (diğer kullandığım uygulamarda asla böyle bir sorun yaşamadım yani telefondan dolayı öyle olduğunu sanmıyorum) ben niye istediğim zaman istediğim kadar müzik dinleyemiyorum ki hele ki parasını ödüyorken yetkili kimse ise lütfen bu sorun iyileştirsin,1,2025-06-22 13:28:19
"kampanya yapabilirler, tarife biraz pahalı.",5,2025-06-22 11:34:40
"Algoritması tartışılacak gibi değil, muazzam. Bir parça açıyorsunuz gerisini kendisi diziyor ve gelen şarkıların hepsi tam da dinlemek isteyeceğim şeyler... Uygulamadan beklentilerim; kullanıcıların kendi aralarında takipleşebilmesi, uygulama içinde chat ve paylaşımlı müzik çalma, farklı cihazlardan anlık kontrol etme.",4,2025-06-22 10:00:54
sehr schön,5,2025-06-22 03:48:53
Burdayız,5,2025-06-22 03:37:03
çok iyi her şeyi dinleyebiliyorum ama keşke bazı editleri silmese daha iyi olabilir,5,2025-06-22 03:24:29
🥰,5,2025-06-22 01:12:40
Her geçen gün kalitesini arttıran bir premium uygulaması,5,2025-06-22 00:39:03
müthiş,5,2025-06-21 21:11:26
"Huzuru hissetmek için, aşık olmak için, üzülmek için, eğlenmek için, hüzünlenmek için, ağlamak için, YouTube Music. ❤️❤️",5,2025-06-21 21:02:55
çok iyi,5,2025-06-21 19:47:50
algoritma mükemmel sevdiğim bir şarkıyı bitirdikten sonra aynı tarzda mükemmel şarkılar keşfettiriyor,5,2025-06-21 18:19:33
sürekli aynı müzikler bıktık yaa,1,2025-06-21 18:18:18
Spotify'dan bin kat daha iyi. Yapay zeka özellikleriyle bir müziği beğenmezsem sonraki gelecek şarkıları yeniden düzenliyor ve bunu çok iyi başarıyor. YouTube Premium alarak hem YouTube hem de YouTube Music'te reklamsız ve çokça özelliğe sahip olabiliyorum. Aile üyeliği ile aileme paylaştırabiliyorum!,5,2025-06-21 17:09:39
Ya arkadaş Az önce güncelleme geldi yine uygulama kendini kapatıyor ya Yıllardır süregelen bir sorun Bu uygulamanın bir yerden bir ayarı mı vardır nedir Bu sorun neden çözülemiyor,1,2025-06-21 16:56:05
perfect,5,2025-06-21 16:06:59
önce deneyelim sonra bildiririm açılmıyor ki.,4,2025-06-21 15:56:43
ekran kilitlendiği zaman müzik duruyor yardım kısmında çözüm yok. hala bir çözüm yok,1,2025-06-21 15:51:43
kötü olan birşey varki video seçeneği olan müzikleri indirdiğimde (premium var bu arada) video kullanılamıyor diyor rica etsem bunu düzeltebilirmisiniz?,4,2025-06-21 15:01:18
Şarkılar güzel genellikle istediğim şarkıyı açabiliyorum,5,2025-06-21 14:55:43
gerksiz bisey silemiyorumda,1,2025-06-21 14:41:22
Diğer platformlardan daha iyi ben memnunum sadece fiyat yüksek 🙁,5,2025-06-21 14:36:43
Intelneti çok yiyor ama intelnetsiz olsa 10 numara olur.,3,2025-06-21 14:23:49
cok iyi,5,2025-06-21 14:17:37
Günümün güzel geçmesinin en önemli faktörü.🇹🇷,5,2025-06-21 13:56:56
"Merhaba, müziği akıllı saatin hoparlöründe de dinlemek isterim. Akıllı saatte bluetooth yoluyla başka cihaza bağlanmadan müziği dinleme imkanı yok! Spotify'de olan bu özellik YouTube Music uygulamasında da olsun.",3,2025-06-21 12:41:23
eski yorumumu sildim uygulama mükemmel olmuş,5,2025-06-21 11:38:58
Bide paylaşma özelliği eklense,5,2025-06-21 10:24:25
Uygulama surekli çöküyor. Bıktım artık optimizasyonunu yapın artık şu uygulamanın bu kadar zor olmamalı.,1,2025-06-21 09:45:36
ses çıkış kalitesi daha iyi olabilir,3,2025-06-21 08:27:04
Spotify vb şeylere 60 TL vermek yerine 80 TL ye hem video hem de müzik dinlemek daha mantıklı,5,2025-06-21 01:35:11
Muhteşem,5,2025-06-21 01:01:00
Youtube premium kullanıyorum çok memunum fiyat sabit kalırsa hep böyle memnun kalıcam,5,2025-06-21 00:50:03
harika,5,2025-06-21 00:15:24
Ekranı kapatınca müzik duruyor ve ekranı kapattığımda müzik duruyor rakip uygulamalarda bile bu kadar paragözlük yok ekranım kapalı müzik dinleyemeyeceksem bu uygulamanin youtube üzerinden müzik dinlemekten ne farkı var?,1,2025-06-20 23:01:20
"Beğendiğim şarkıları indiriyorum, bir süre geçince bazıları oynatılamoyor diyor. Sebebini asla anlayamadım sorunu çözemeyince üyeliğimi iptal ettim, istediğim şarkıları istediğim gibi dinleyemeyeceksem bir anlamı yok.",2,2025-06-20 21:07:46
Spotify'dan geçtim kat kat iyi tartışmaya kapalıdır.,5,2025-06-20 20:16:13
güzel müzik uygulaması beğendim,5,2025-06-20 18:32:44
çok güzel,5,2025-06-20 14:52:14
ŞHARKI AÇYOUM AMA OYGMLDAN ÇKYIM AN ŞHARKI DURYOR,5,2025-06-20 13:38:14
Hergün saatlerce buradayım çok rahat,5,2025-06-20 12:08:52
Her alanda dünyayı evinize getiriyor. Doğru kullandığınızda gelişiminze çok yararlı olabilir.,5,2025-06-20 11:21:33
ÇOOOK İYİİİ,5,2025-06-20 11:20:05
super,5,2025-06-20 09:33:46
"İstediğim, beğendiğim şarkılara kolayca ulaşıyorum. Çok iyi 👍",5,2025-06-20 08:57:50
Gayet yeterli ve başarılıdır,4,2025-06-20 04:55:27
mötiş 👏👏👏,5,2025-06-20 01:09:14
çok güzel teşekkür ederim,5,2025-06-20 00:21:52
arka planda şarkı sürekli kesilip kesilip duruyor?,3,2025-06-19 22:18:47
BERBAT YAPAY ZEKA PLAYLİST GÜNCELLEMESİ YOK AYNİ SARKİLAR DOLANİYO HEP PLAYLİST VB CALMA LİSTESİNDE DAHİLİ ONERİ DE YETERSİZ NERDESSİN FİZY,1,2025-06-19 21:04:24
Muqq bir uygulama🎀🤗,5,2025-06-19 20:24:03
içerikler güzel fakat çok kapanıyor kendi kendine.o yüzden iş yaparken açıp kullanamıyorum.Yoğun bir hayatımız var sürekli kontrol edemediğim için kapanıp kalıyor.,1,2025-06-19 20:05:06
👍,5,2025-06-19 18:07:09
güncelleme özden sonra benim istediğim program yok ettiniz,1,2025-06-19 17:52:48
Çok iyiiii,5,2025-06-19 17:35:21
çok beğendim gerçekten bu uygulamayı Allah razı olsun inşallah amin,5,2025-06-19 17:21:22
Harika bir müzik uygulaması herkese tavsiye ediyorum pişman olmazsınız,5,2025-06-19 16:08:04
algoritması biraz daha iyi olabilir,5,2025-06-19 15:22:37
Ruh halime göre bir müzik açıyorum gerisini youtube hallediyor 😄,5,2025-06-19 15:07:16
sadece orjinal kayıtları dinlemek istiyorum canlı veya onun gibi şeyleri değil bunun için bi ayar getirin lütfen,1,2025-06-19 13:46:25
gayet güzel ve kullanışlı bir uygulama ama bazen hiç dinlemediğim ve kapağı hayırlı olmayan müzikler önermesi dışında bi sorun yok bence 1 yıldızı burdan kırdım,4,2025-06-19 12:52:02
Ses kalitesi düşündüğümden iyi. Deezer daha yüksek çözünürlüklü ses kalitesi vaat etmesine rağmen YouTube müzik daha geniş frekans gibi algı yarattı bende. Bunların dışında önerileri diğer platformlardan daha tutarlı.,5,2025-06-19 11:22:48
Ses kalitesi diğer uygulamalara göre mükemmel,5,2025-06-19 11:11:01
diğer tüm müzik uygulamalarına kıyasla daha iyi ses kalitesi ve geniş bir müzik kütüphanesi var bütün şarkılar neredeyse mevcut,5,2025-06-19 11:01:55
tartışmasız en iyi,5,2025-06-19 09:30:29
Müziği kaydet diyorum ama listeye kaydetmiyor.,1,2025-06-19 09:16:33
Çok güzel,5,2025-06-19 08:06:46
Harika,5,2025-06-19 07:47:50
spoty ye hiç gerek yokmuş,5,2025-06-19 04:30:43
"Çok memnunum, çok zengin bir envanteri var. Ulaşamayacağınız bir şarkı yok gibi.",5,2025-06-19 04:00:14
Çok kullanışlı,5,2025-06-19 00:47:21
çok güzel,5,2025-06-19 00:02:58
ilk dinledigim müzikle diğerlerinin uyumlu gelmesi güzel oluyor,5,2025-06-18 23:23:05
reklam yok istediğin türden şarkıları sıralıyor güzel ya çok güzel,5,2025-06-18 23:15:50
çok beğeniyorum. spotify a hiç gerek yok. hem reklamsız YouTube keyfi hem de Spotify ayarında müzik keyfi. ikisi bir arada,5,2025-06-18 22:50:49
COK SEVİYORUMMMM 😭😭😭🤍🧿,5,2025-06-18 22:46:54
2 yıldır kullanıyorum gayet güzel 😊,5,2025-06-18 22:14:32
perfect Spotify den daha iyi,5,2025-06-18 20:02:11
Çok basit ve kullanışlı.,5,2025-06-18 19:43:59
best of,5,2025-06-18 17:12:23
beyaz tema gelmeli artık,4,2025-06-18 16:54:01
güzel bir uygulama,4,2025-06-18 16:38:23
seviyorum sonra yazarım değerlendirmeyi Allah'ım ban asinavimda yardım et,4,2025-06-18 15:04:14
çok güzel bir uygulama bence indirin,5,2025-06-18 14:44:03
cok guzel bir uygulama,4,2025-06-18 14:11:13
spotify dan daha iyi bence,5,2025-06-18 13:47:05
Telefon cebimdeyken uygulama kendi kendine açılıyor kafasına göre müzik çalıyor ve diğer uygulamalarımdan açılan yok sadece youtube music açılıyor :),1,2025-06-18 13:37:10
indirdim olmadı,1,2025-06-18 13:34:51
ne istersen buluyorum bundan memnun,5,2025-06-18 11:06:01
çalışmıyor,1,2025-06-18 10:39:15
olağanüstü,5,2025-06-18 10:10:48
çok güzel,5,2025-06-18 10:09:03
Spotify' dan kesinlikle daha iyi özellikle yt musicde eski parçaları da bulup dinleyebiliyorsunuz veya bir videonun arkasındaki ses hoşunuza gittiyse dinleyebiliyorsunuz. Spotifyda böyle bir özellik yok.,5,2025-06-18 08:28:09
"100 üzerinden 100 puan.Rabbimiz razı olsun. Cok tesekkurler YouTube muzik yetkilileri ve elemanlarına ve de mümtaz sanatçılarına, çalan ve seslendirenlerine... Selam Sevgi ve dualar ile.... Nilgun Göçmen. 18.6.2025",5,2025-06-18 02:23:30
"uygulamanın tek şikayetçi olduğum yanı, yatamıyorum.. Her değişen müziği ekranı açıp beğenme listeme eklemekten... (: ellerinize sağlık sayenizde hem uyku modundan daydalanabiliyoruz hemde benzer şarkı önerileri mükemmel ❤️",5,2025-06-18 02:11:40
algoritma çok başarılı....,5,2025-06-18 01:34:36
sp*tify denen bozuntuya bin basar,5,2025-06-17 21:16:49
"Genel olarak başarılı. Beğendiğim bir şarkıyı kaydet tuşuna bastığımda açılan şarkı listelerimi aşağıya kaydırma olayı problemli, ekranın belli bir yerinden kaydırabiliyorum ve bu yer kesin belli değil ekranın sağ, orta ve solunu defalarca deneyerek kaydırabiliyorum. bu düzeltilmeli",4,2025-06-17 20:51:22
çok iyi memnun kaldım,5,2025-06-17 19:58:38
çok güzel bir uygulama,5,2025-06-17 19:31:41
Çok kullanışlı çok güzel,5,2025-06-17 18:23:39
harika 👍,5,2025-06-17 18:01:12
guncellemeden sonra şarkılarda belli yerkerde donma başladı,3,2025-06-17 17:55:57
çok memnunum,5,2025-06-17 16:54:16
Algoritma mükemmel parça aramam zorunda kalmıyorum. 💫💫💫,5,2025-06-17 16:19:31
güzel,5,2025-06-17 15:04:30
bayılıyorum gerçekten. algoritma süper. her şey on numara yani. aynı anda beraber müzik dinleme özelliğini bekliyorum. gelir bence. kolaylıklar.,5,2025-06-17 14:51:29
YouTube music istediğin her türlü şarkı eski yeni yok yok diğer muzik uygulamalar da istediğin gibi muzik bulunmuyor YouTube music çok geniş bir arşive sahip ben çok memnunum benim için bir numara herkese tavsiye ederim,5,2025-06-17 13:12:33
Premium tam bir saçmalık,2,2025-06-17 12:32:51
Her türlü şarkıyı bulunuyor,5,2025-06-17 12:15:34
Mobil sürümde şarkı jeneriğinin kaldırılması çok kötü olmuş. Genellikle eski şarkıları dinleyen biri olarak müziğin bestecisi ya da söz yazarı bilgisi oldukça önemlidir. Bu müzik emekçilerine gösterilen saygının da bir gereğidir. Umarım güncelleme ile bu hatadan geri dönülür.,1,2025-06-17 11:12:16
Gayet başarılıy,5,2025-06-17 10:08:32
Harika,5,2025-06-17 09:23:17
gerçekten çok iyi bir uygulama,5,2025-06-17 06:12:37
Çok iyi buluyorum,5,2025-06-17 05:19:25
efso,5,2025-06-17 04:28:19
çok iyi,5,2025-06-17 02:14:54
şarkıların birbiri ile bağlantısı yok slow çalarken ingilizce müzik açıyor sanki dalga geciyor YouTube music verdiğiniz paraya değmez demedi demeyin.,1,2025-06-17 01:34:36
sürekli güncelleniyor ve yine güncelleme uyarısı veriyor,1,2025-06-17 00:26:49
süper,5,2025-06-17 00:05:39
öneriler ve müzik kitaplığı çok iyi olsa da müzik bitrate çok kötü durumda. 250 acc hiçbir işe yaramıyor kaliteli bir kulaklıkla,4,2025-06-17 00:00:59
aradığınız her şarkıyı her şiiri hatta her kitabı bulabilirsiniz teşekkürler YouTube Music 🥳🥳,5,2025-06-16 23:44:03
Podcastta eksiklik hissediyorum.Bunun dışında uygulama süper.,4,2025-06-16 22:46:22
Diğer müzik uygulamalarını bırakıp sadece Youtube Music kullanıyorum. Gün geçtikçe dahada iyi oluyorsun.,5,2025-06-16 22:24:19
Gayet güzel...,5,2025-06-16 20:05:50
süper,5,2025-06-16 17:55:27
Harika birşey,5,2025-06-16 17:22:00
👍,5,2025-06-16 16:40:34
süper olmuş,5,2025-06-16 16:36:10
Arkadaşlar bu uygulamayı çok beğendim hiç bir sıkıntısı yok bence,5,2025-06-16 16:13:29
Harika bişey 🫠,5,2025-06-16 16:10:18
daha kolay ve yapay zeka desteği istiyoruz,4,2025-06-16 14:27:22
son derece başarılı ve fazlası ile tatminkar.,5,2025-06-16 13:37:06
Youtube premium kullanıcısı olarak oldukça memnunum fazlasıyla işimi görüyor ✨,5,2025-06-16 12:37:02
uygulama genel hatlarıyla güzel ancak oynatma listesinde karışık oynat seçeneği işlevsiz seçeneği aktif etsem bile sıradan çalmaya devam ediyor ayrıca ana sayfasinda bazen şarkılara tıkladığımda şarkıları açmıyor.,2,2025-06-16 11:17:01
müzik tercihime uygun yeni müzikler önerirse 10/10 uygulama. ama bu konuda şimdilik algoritma pek iyi sayılmaz,5,2025-06-16 10:49:39
herkese tavsiye ederim supper bi site,5,2025-06-16 08:58:12
iyki varsın premium,5,2025-06-16 07:42:54
bazen istemediğim müzikleri otomatik çalıyor müziği atlatıyorum aynı tarzda yine devam ediyor sadece bundan memnun değilim,3,2025-06-16 00:02:56
sürekli kapanıyor,1,2025-06-15 23:49:07
"cidden çok güzel bi uygulama özellikle premium üyeliği olanlar için, zevkimize göre çalması güzel indirirken de hiç sıkıntı olmuyor tek kelimeyle HARİKA",5,2025-06-15 23:01:48
çok guzellll,5,2025-06-15 21:07:40
rezalet para tuzağı,1,2025-06-15 20:47:42
şarkılarıyla fakat uygulamadan çıkınca çalmıyor oyüzdende Spotify 1 adım daha öndebu nu düzeltmesini oran yükselebilir,1,2025-06-15 19:59:30
algoritmadan memnunum ama ses kalitesi kesinlikle artırılmalı...,4,2025-06-15 19:33:36
"bayılıyorum, mükemmel",5,2025-06-15 19:30:10
Güzel.,5,2025-06-15 18:57:21
Şarkıları A'dan Z'ye kadar sıralasanız bile uygulamayı kapatıp tekrar girdikten sonra liste tekrar eski sıralamasına dönüyor. Ayrıca listenin en yukarısından en aşağısına doğru kaydırma butonu yok. Sırf bu en önemli 2 arayüz özelliğinin olmaması yüzünden YouTube Premium aboneliğim olmasına rağmen YouTube Müzik'i kullanmıyorum. Düzeltilmesi gereken en önemli 2 özellik bunlar. Bunlar dışında genel olarak iyi,3,2025-06-15 16:17:53
mükemmel 👍,5,2025-06-15 16:14:29
uygulama çok güzel kesinlikle yükleyin,5,2025-06-15 15:49:20
Harika,5,2025-06-15 15:37:42
acayıp uygulama teşekkürler,5,2025-06-15 15:28:02
mukemmel,5,2025-06-15 14:47:23
Cross fader nasıl olmaz? Abonelikten çıkıcam.,1,2025-06-15 11:58:03
uygulamaya bayıldım diğer uygulamalara göre daha iyi ve algoritması mükemmel,5,2025-06-15 11:20:14
Ücretli mi,5,2025-06-15 11:08:34
Spotify dan daha iyi ve hızlı,5,2025-06-15 10:05:22
Yeterli müzik deneyimi sağlıyor bana göre,4,2025-06-15 10:04:09
kaliteli. Şarkı kliplerini bulabiliyoruz ancak Tel kapalıyken de müzik çalsa iyi olabilir. 10/8,4,2025-06-15 09:50:43
çok güzel olmuş beğendim,5,2025-06-15 08:39:29
Uygulama çok ama çok başarılı ve güzel ama nolur şu şarkı sözlerini silmemeye özen gösterin uygulama her güncelleme ile dinlediğim bazı şarkıların sözleri kayboluyor ve bilmediğim bir kelimeyi merak ettiğimde başka sitelerden bakmak melodiyi bozuyor ve ben bu sözleri sizin sitenizden başka yerde bakmak istemiyorum başarılı ve çıkarcı değilsiniz bu yüzden bu sorunu en kısa zamanda çözeceğinizi düşünüyorum.,5,2025-06-15 02:32:28
video oynatması olsa da güzel olurdu,4,2025-06-15 01:10:03
iyi,5,2025-06-14 23:46:53
cok kötü hicbişey acmiyo müzik bile acmiyo😡,1,2025-06-14 22:15:48
çok iyi,5,2025-06-14 19:06:31
"Genel olarak güzel ama 2 sıkıntısı var: İlki, kimi sanatçıların sayfalarında sırf isimleri benzer diye birbirinden alakasız kişilerin şarkıları bulunuyor. İkincisi ise, bir dilde müzik dinlerken bir anda oldukça alakasız dillerden şarkılar listeleyebiliyor.",4,2025-06-14 18:11:48
Uygulama güzel fakat niye akıllı saatlerde kullanmak için premium satın almam gerekiyor? Ayrıca şöyle bir şey daha var bu uygulamanın en büyük rakibi spotify ve spotifyda ücretsiz bir şekilde saatte uygulamayı kullanıp saate bağlı cihazdan ve yeni güncellemeden sonra saat hoparlöründen dahi dinleyebiliyorsunuz ve ve YouTube müzik bu konuda bayağı bir eksik kalmış. (Ayrıca merak edenler için benim saatim Samsung Galaxy watch 4 ve wear iOS destekli ayrıca en son güncellemelerin hepsini yaptım.),1,2025-06-14 16:53:06
mük,5,2025-06-14 15:47:01
güzel,5,2025-06-14 15:03:50
severek kullanıyorum şu ana kadar hiç bir sorun olmadı rahatlıkla kullanabilirsiniz 👍🏻🌸,5,2025-06-14 13:16:17
özgür radyo programı ⁸,5,2025-06-14 11:20:54
En iyisi,5,2025-06-14 11:11:57
"After the last update, there was excessive battery consumption. Please send an update urgently.",2,2025-06-14 10:32:59
mükemmel kaliteli,5,2025-06-14 09:46:36
En iyi ve en ucuz şarkı dinleme uygulaması👑,5,2025-06-14 09:41:27
YouTube veya YouTube music i arkaplan a aldığımda ses azalıyor. telefondan mı ayarlardan mı anlamadım ama premium olmama rağmen bu sorunu yaşıyorum,2,2025-06-14 04:52:40
son zamanlarda uygulamada bir sorun var hızlı seçimlerde gözüken şarkılar açılmıyor internet bağlantım olmasına rağmen bekliyorum açılmıyor,3,2025-06-14 04:17:51
"Ucuz, kaliteli. YouTube'u hem reklamsız izliyorum hemde music uygulamasını kullanıyorum.",4,2025-06-14 04:02:56
👍👍👍👍,5,2025-06-14 02:18:09
Oturum açamıyorum hata veriyor sürekli.,1,2025-06-13 23:09:06
